{"cameraMode":{"drawMode":0,"name":"Shaded","section":"Shading Mode"},"sceneLighting":true,"audioPlay":false,"sceneViewState":{"m_AlwaysRefresh":false,"showFog":true,"showSkybox":true,"showFlares":true,"showImageEffects":true,"showParticleSystems":true,"showVisualEffectGraphs":true,"m_FxEnabled":true},"in2DMode":false,"pivot":{"x":-4.3557209968566898,"y":3.084033966064453,"z":-4.672173023223877},"rotation":{"x":-0.05576762184500694,"y":-0.14534252882003785,"z":0.008205713704228402,"w":-0.9877779483795166},"size":1.618406891822815,"orthographic":true}