{"cameraMode":{"drawMode":0,"name":"Shaded","section":"Shading Mode"},"sceneLighting":false,"audioPlay":false,"sceneViewState":{"m_AlwaysRefresh":false,"showFog":true,"showSkybox":false,"showFlares":true,"showImageEffects":true,"showParticleSystems":true,"showVisualEffectGraphs":true,"m_FxEnabled":true},"in2DMode":false,"pivot":{"x":1.619999885559082,"y":1.4800000190734864,"z":9.5600004196167},"rotation":{"x":-0.32007402181625368,"y":0.007661851588636637,"z":-0.002619928913190961,"w":-0.9473868012428284},"size":0.8660253882408142,"orthographic":false}