{"cameraMode":{"drawMode":0,"name":"Shaded","section":"Shading Mode"},"sceneLighting":false,"audioPlay":false,"sceneViewState":{"m_AlwaysRefresh":false,"showFog":true,"showSkybox":false,"showFlares":true,"showImageEffects":true,"showParticleSystems":true,"showVisualEffectGraphs":true,"m_FxEnabled":true},"in2DMode":false,"pivot":{"x":-2.9926114082336427,"y":1.4164998531341553,"z":-0.5800000429153442},"rotation":{"x":-0.05576762184500694,"y":-0.14534252882003785,"z":0.008205713704228402,"w":-0.9877779483795166},"size":1.4898478984832764,"orthographic":true}